CREATE DATABASE foodatabase;
CREATE USER foo;
CREATE TABLE foodatabase.t1 (a int, b int);
INSERT INTO foodatabase.t1 values (1,1), (2,2), (3,3);
CREATE TABLE foodatabase.t2 (a int);
INSERT INTO foodatabase.t2 values (1), (2), (3);
GRANT ALL ON foodatabase.t2 TO foo;
GRANT SELECT(a) on foodatabase.t1 to foo;
GRANT SELECT(b) on foodatabase.t1 to foo;
select a from foodatabase.t1;
a
1
2
3
select * from foodatabase.t2;
a
1
2
3
DENY SELECT(a) ON foodatabase.t1 TO foo;
select a from foodatabase.t1;
ERROR 42000: SELECT command denied to user 'foo'@'localhost' for column 'a' in table 't1'
select b from foodatabase.t1;
b
1
2
3
drop user foo;
drop database foodatabase;
