CREATE DATABASE test_database;
CREATE USER foo;
CREATE USER bar;
CREATE TABLE test_database.t1 (a int);
INSERT INTO test_database.t1 values (1), (2), (3);
GRANT ALL ON test_database.* TO foo;
GRANT ALL ON test_database.* TO bar;
select * from test_database.t1;
a
1
2
3
DENY SELECT ON test_database.* TO foo;
SHOW TABLES FROM test_database;
ERROR 42000: Access denied for user 'foo'@'%' to database 'test_database'
select * from test_database.t1;
ERROR 42000: Access denied for user 'foo'@'%' to database 'test_database'
select * from test_database.t1;
a
1
2
3
CREATE TABLE test.t1 (a int);
INSERT INTO test.t1 values (1), (2);
GRANT ALL ON test.* to foo;
select * from test.t1;
a
1
2
drop user foo;
drop user bar;
drop database test_database;
drop database test;
